"No.","Time","Source","Destination","Protocol","Length","Info"
"1","0.000000000","192.168.31.1","224.0.0.1","IGMPv3","50","Membership Query, general"
"2","0.000001800","fe80::8628:d6ff:fe33:4abf","ff02::1","ICMPv6","90","Multicast Listener Query"
"3","0.000002800","fe80::8628:d6ff:fe33:4abf","ff02::1","ICMPv6","90","Multicast Listener Query"
"4","0.508902200","192.168.31.114","224.0.0.22","IGMPv3","54","Membership Report / Join group 239.255.255.250 for any sources"
"5","0.509010100","fe80::92da:a2d6:521e:ca6b","ff02::16","ICMPv6","170","Multicast Listener Report Message v2"
"6","1.000595400","192.168.31.114","224.0.0.22","IGMPv3","54","Membership Report / Join group 224.0.0.251 for any sources"
"7","1.506630400","192.168.31.114","224.0.0.22","IGMPv3","54","Membership Report / Join group 224.0.0.252 for any sources"
"8","1.506755600","fe80::92da:a2d6:521e:ca6b","ff02::16","ICMPv6","90","Multicast Listener Report Message v2"
"9","5.999413500","192.168.31.1","224.0.0.1","IGMPv3","50","Membership Query, general"
"10","5.999415700","fe80::8628:d6ff:fe33:4abf","ff02::1","ICMPv6","90","Multicast Listener Query"
"11","5.999416700","fe80::8628:d6ff:fe33:4abf","ff02::1","ICMPv6","90","Multicast Listener Query"
"12","6.497404600","192.168.31.114","224.0.0.22","IGMPv3","62","Membership Report / Join group 224.0.0.252 for any sources / Join group 239.255.255.250 for any sources"
"13","6.497612900","fe80::92da:a2d6:521e:ca6b","ff02::16","ICMPv6","170","Multicast Listener Report Message v2"
"14","7.003881400","fe80::92da:a2d6:521e:ca6b","ff02::16","ICMPv6","90","Multicast Listener Report Message v2"
"15","7.151612000","fe80::8628:d6ff:fe33:4abf","ff02::1","ICMPv6","150","Router Advertisement from 84:28:d6:33:4a:bf"
"16","7.499390400","192.168.31.114","224.0.0.22","IGMPv3","54","Membership Report / Join group 224.0.0.251 for any sources"
"17","11.500190600","2409:4090:8086:d205:2dee:e486:a765:1536","2600:140f:5:2093::3114","TCP","75","54943  >  443 [ACK] Seq=1 Ack=1 Win=255 Len=1"
"18","11.514051600","2600:140f:5:2093::3114","2409:4090:8086:d205:2dee:e486:a765:1536","TCP","86","443  >  54943 [ACK] Seq=1 Ack=2 Win=575 Len=0 SLE=1 SRE=2"
"19","12.000533600","192.168.31.1","224.0.0.1","IGMPv3","50","Membership Query, general"
"20","12.000537000","fe80::8628:d6ff:fe33:4abf","ff02::1","ICMPv6","90","Multicast Listener Query"
"21","12.000538400","fe80::8628:d6ff:fe33:4abf","ff02::1","ICMPv6","90","Multicast Listener Query"
"22","12.001383700","fe80::92da:a2d6:521e:ca6b","ff02::16","ICMPv6","90","Multicast Listener Report Message v2"
"23","12.496629200","192.168.31.114","224.0.0.22","IGMPv3","62","Membership Report / Join group 224.0.0.252 for any sources / Join group 224.0.0.251 for any sources"
"24","12.496839700","fe80::92da:a2d6:521e:ca6b","ff02::16","ICMPv6","150","Multicast Listener Report Message v2"
"25","13.009092800","fe80::92da:a2d6:521e:ca6b","ff02::16","ICMPv6","90","Multicast Listener Report Message v2"
"26","13.507911800","192.168.31.114","224.0.0.22","IGMPv3","54","Membership Report / Join group 239.255.255.250 for any sources"
"27","16.814518800","192.168.31.114","162.159.135.234","TLSv1.2","172","Application Data"
"28","16.826049000","162.159.135.234","192.168.31.114","TCP","54","443  >  49935 [ACK] Seq=1 Ack=119 Win=16 Len=0"
"29","17.115333300","162.159.135.234","192.168.31.114","TLSv1.2","88","Application Data"
"30","17.165321700","192.168.31.114","162.159.135.234","TCP","54","49935  >  443 [ACK] Seq=119 Ack=35 Win=253 Len=0"
"31","18.002082800","192.168.31.1","224.0.0.1","IGMPv3","50","Membership Query, general"
"32","18.002084900","fe80::8628:d6ff:fe33:4abf","ff02::1","ICMPv6","90","Multicast Listener Query"
"33","18.002086100","fe80::8628:d6ff:fe33:4abf","ff02::1","ICMPv6","90","Multicast Listener Query"
"34","18.336218100","192.168.31.111","224.0.0.251","MDNS","103","Standard query 0x0037 PTR _googlecast._tcp.local, ""QM"" question PTR _96084372._sub._googlecast._tcp.local, ""QM"" question"
"35","18.416536900","20.190.145.140","192.168.31.114","TCP","54","443  >  60066 [RST, ACK] Seq=1 Ack=1 Win=0 Len=0"
"36","18.500138300","192.168.31.114","224.0.0.22","IGMPv3","62","Membership Report / Join group 224.0.0.252 for any sources / Join group 239.255.255.250 for any sources"
"37","18.500247600","fe80::92da:a2d6:521e:ca6b","ff02::16","ICMPv6","150","Multicast Listener Report Message v2"
"38","18.998485600","fe80::92da:a2d6:521e:ca6b","ff02::16","ICMPv6","110","Multicast Listener Report Message v2"
"39","19.402544500","192.168.31.111","224.0.0.251","MDNS","103","Standard query 0x0038 PTR _googlecast._tcp.local, ""QM"" question PTR _96084372._sub._googlecast._tcp.local, ""QM"" question"
"40","19.405578500","fe80::a729:9a89:ff74:9ccf","ff02::fb","MDNS","123","Standard query 0x0038 PTR _googlecast._tcp.local, ""QM"" question PTR _96084372._sub._googlecast._tcp.local, ""QM"" question"
"41","19.497708400","192.168.31.114","224.0.0.22","IGMPv3","54","Membership Report / Join group 224.0.0.251 for any sources"
"42","20.349103700","192.168.31.111","224.0.0.251","MDNS","103","Standard query 0x0039 PTR _googlecast._tcp.local, ""QM"" question PTR _96084372._sub._googlecast._tcp.local, ""QM"" question"
"43","20.349107400","fe80::a729:9a89:ff74:9ccf","ff02::fb","MDNS","123","Standard query 0x0039 PTR _googlecast._tcp.local, ""QM"" question PTR _96084372._sub._googlecast._tcp.local, ""QM"" question"
"44","21.025503000","192.168.31.114","104.208.16.88","TCP","54","60068  >  443 [FIN, ACK] Seq=1 Ack=1 Win=1021 Len=0"
"45","21.284473500","104.208.16.88","192.168.31.114","TCP","54","443  >  60068 [FIN, ACK] Seq=1 Ack=2 Win=16385 Len=0"
"46","21.284639800","192.168.31.114","104.208.16.88","TCP","54","60068  >  443 [ACK] Seq=2 Ack=2 Win=1021 Len=0"
"47","21.847851600","ServercomPri_33:4a:bf","Intel_7f:48:c4","ARP","42","Who has 192.168.31.114? Tell 192.168.31.1"
"48","21.847914200","Intel_7f:48:c4","ServercomPri_33:4a:bf","ARP","42","192.168.31.114 is at 40:d1:33:7f:48:c4"
"49","24.009221800","192.168.31.1","224.0.0.1","IGMPv3","50","Membership Query, general"
"50","24.009224000","fe80::8628:d6ff:fe33:4abf","ff02::1","ICMPv6","90","Multicast Listener Query"
"51","24.009225100","fe80::8628:d6ff:fe33:4abf","ff02::1","ICMPv6","90","Multicast Listener Query"
"52","24.510681600","192.168.31.114","224.0.0.22","IGMPv3","54","Membership Report / Join group 224.0.0.252 for any sources"
"53","24.510879000","fe80::92da:a2d6:521e:ca6b","ff02::16","ICMPv6","150","Multicast Listener Report Message v2"
"54","25.008826500","fe80::92da:a2d6:521e:ca6b","ff02::16","ICMPv6","110","Multicast Listener Report Message v2"
"55","25.507099700","192.168.31.114","224.0.0.22","IGMPv3","62","Membership Report / Join group 224.0.0.251 for any sources / Join group 239.255.255.250 for any sources"
"56","30.001097300","192.168.31.1","224.0.0.1","IGMPv3","50","Membership Query, general"
"57","30.001099000","fe80::8628:d6ff:fe33:4abf","ff02::1","ICMPv6","90","Multicast Listener Query"
"58","30.001100000","fe80::8628:d6ff:fe33:4abf","ff02::1","ICMPv6","90","Multicast Listener Query"
"59","30.505523400","fe80::92da:a2d6:521e:ca6b","ff02::16","ICMPv6","170","Multicast Listener Report Message v2"
"60","31.003686400","192.168.31.114","224.0.0.22","IGMPv3","54","Membership Report / Join group 239.255.255.250 for any sources"
"61","31.003904400","fe80::92da:a2d6:521e:ca6b","ff02::16","ICMPv6","90","Multicast Listener Report Message v2"
"62","31.501004700","192.168.31.114","224.0.0.22","IGMPv3","62","Membership Report / Join group 224.0.0.252 for any sources / Join group 224.0.0.251 for any sources"
"63","32.309551500","fe80::8628:d6ff:fe33:4abf","ff02::1","ICMPv6","150","Router Advertisement from 84:28:d6:33:4a:bf"
"64","35.136622000","20.184.175.21","192.168.31.114","TCP","54","443  >  60067 [RST, ACK] Seq=1 Ack=1 Win=0 Len=0"
"65","36.002392400","192.168.31.1","224.0.0.1","IGMPv3","50","Membership Query, general"
"66","36.002395600","fe80::8628:d6ff:fe33:4abf","ff02::1","ICMPv6","90","Multicast Listener Query"
"67","36.002397000","fe80::8628:d6ff:fe33:4abf","ff02::1","ICMPv6","90","Multicast Listener Query"
"68","36.494877800","192.168.31.114","224.0.0.22","IGMPv3","62","Membership Report / Join group 224.0.0.252 for any sources / Join group 239.255.255.250 for any sources"
"69","36.494990800","fe80::92da:a2d6:521e:ca6b","ff02::16","ICMPv6","170","Multicast Listener Report Message v2"
"70","37.003034000","192.168.31.114","224.0.0.22","IGMPv3","54","Membership Report / Join group 224.0.0.251 for any sources"
"71","37.003342400","fe80::92da:a2d6:521e:ca6b","ff02::16","ICMPv6","90","Multicast Listener Report Message v2"
"72","40.381079200","192.168.31.111","224.0.0.251","MDNS","103","Standard query 0x003a PTR _googlecast._tcp.local, ""QM"" question PTR _96084372._sub._googlecast._tcp.local, ""QM"" question"
"73","41.402544100","192.168.31.111","224.0.0.251","MDNS","103","Standard query 0x003b PTR _googlecast._tcp.local, ""QM"" question PTR _96084372._sub._googlecast._tcp.local, ""QM"" question"
"74","41.402547000","fe80::a729:9a89:ff74:9ccf","ff02::fb","MDNS","123","Standard query 0x003b PTR _googlecast._tcp.local, ""QM"" question PTR _96084372._sub._googlecast._tcp.local, ""QM"" question"
"75","42.002150100","192.168.31.1","224.0.0.1","IGMPv3","50","Membership Query, general"
"76","42.002153300","fe80::8628:d6ff:fe33:4abf","ff02::1","ICMPv6","90","Multicast Listener Query"
"77","42.002154200","fe80::8628:d6ff:fe33:4abf","ff02::1","ICMPv6","90","Multicast Listener Query"
"78","42.372150400","192.168.31.111","224.0.0.251","MDNS","103","Standard query 0x003c PTR _googlecast._tcp.local, ""QM"" question PTR _96084372._sub._googlecast._tcp.local, ""QM"" question"
"79","42.372155100","fe80::a729:9a89:ff74:9ccf","ff02::fb","MDNS","123","Standard query 0x003c PTR _googlecast._tcp.local, ""QM"" question PTR _96084372._sub._googlecast._tcp.local, ""QM"" question"
"80","42.506967400","192.168.31.114","224.0.0.22","IGMPv3","62","Membership Report / Join group 224.0.0.252 for any sources / Join group 224.0.0.251 for any sources"
"81","42.507080400","fe80::92da:a2d6:521e:ca6b","ff02::16","ICMPv6","190","Multicast Listener Report Message v2"
"82","43.501714200","192.168.31.114","224.0.0.22","IGMPv3","54","Membership Report / Join group 239.255.255.250 for any sources"
"83","48.005247400","192.168.31.1","224.0.0.1","IGMPv3","50","Membership Query, general"
"84","48.005249800","fe80::8628:d6ff:fe33:4abf","ff02::1","ICMPv6","90","Multicast Listener Query"
"85","48.005250900","fe80::8628:d6ff:fe33:4abf","ff02::1","ICMPv6","90","Multicast Listener Query"
"86","48.506463500","192.168.31.114","224.0.0.22","IGMPv3","54","Membership Report / Join group 239.255.255.250 for any sources"
"87","48.506673100","fe80::92da:a2d6:521e:ca6b","ff02::16","ICMPv6","170","Multicast Listener Report Message v2"
"88","49.004469500","fe80::92da:a2d6:521e:ca6b","ff02::16","ICMPv6","90","Multicast Listener Report Message v2"
"89","49.501115900","192.168.31.114","224.0.0.22","IGMPv3","62","Membership Report / Join group 224.0.0.252 for any sources / Join group 224.0.0.251 for any sources"
"90","53.508725800","fe80::8628:d6ff:fe33:4abf","ff02::1","ICMPv6","150","Router Advertisement from 84:28:d6:33:4a:bf"
"91","54.007897000","192.168.31.1","224.0.0.1","IGMPv3","50","Membership Query, general"
"92","54.007900000","fe80::8628:d6ff:fe33:4abf","ff02::1","ICMPv6","90","Multicast Listener Query"
"93","54.007901000","fe80::8628:d6ff:fe33:4abf","ff02::1","ICMPv6","90","Multicast Listener Query"
"94","54.497560300","192.168.31.114","224.0.0.22","IGMPv3","70","Membership Report / Join group 224.0.0.252 for any sources / Join group 224.0.0.251 for any sources / Join group 239.255.255.250 for any sources"
"95","54.497794300","fe80::92da:a2d6:521e:ca6b","ff02::16","ICMPv6","150","Multicast Listener Report Message v2"
"96","54.995551000","fe80::92da:a2d6:521e:ca6b","ff02::16","ICMPv6","90","Multicast Listener Report Message v2"
"97","55.509375100","fe80::92da:a2d6:521e:ca6b","ff02::16","ICMPv6","90","Multicast Listener Report Message v2"
"98","56.520066300","2409:4090:8086:d205:2dee:e486:a765:1536","2600:140f:5:2093::3114","TCP","75","[TCP Keep-Alive] 54943  >  443 [ACK] Seq=1 Ack=1 Win=255 Len=1"
"99","56.604473500","2600:140f:5:2093::3114","2409:4090:8086:d205:2dee:e486:a765:1536","TCP","86","[TCP Keep-Alive ACK] 443  >  54943 [ACK] Seq=1 Ack=2 Win=575 Len=0 SLE=1 SRE=2"
"100","58.052145500","192.168.31.114","162.159.135.234","TLSv1.2","172","Application Data"
"101","58.064112800","162.159.135.234","192.168.31.114","TCP","54","443  >  49935 [ACK] Seq=35 Ack=237 Win=16 Len=0"
"102","58.357679400","162.159.135.234","192.168.31.114","TLSv1.2","88","Application Data"
"103","58.401961800","192.168.31.114","162.159.135.234","TCP","54","49935  >  443 [ACK] Seq=237 Ack=69 Win=253 Len=0"
"104","60.007241600","192.168.31.1","224.0.0.1","IGMPv3","50","Membership Query, general"
"105","60.007244600","fe80::8628:d6ff:fe33:4abf","ff02::1","ICMPv6","90","Multicast Listener Query"
"106","60.007245900","fe80::8628:d6ff:fe33:4abf","ff02::1","ICMPv6","90","Multicast Listener Query"
"107","60.501654900","192.168.31.114","224.0.0.22","IGMPv3","62","Membership Report / Join group 224.0.0.252 for any sources / Join group 239.255.255.250 for any sources"
"108","60.501844300","fe80::92da:a2d6:521e:ca6b","ff02::16","ICMPv6","170","Multicast Listener Report Message v2"
"109","60.599378400","2409:4090:8086:d205:2dee:e486:a765:1536","2603:1046:c04:1413::2","TCP","74","60069  >  443 [FIN, ACK] Seq=1 Ack=1 Win=1024 Len=0"
"110","60.902628300","2409:4090:8086:d205:2dee:e486:a765:1536","2603:1046:c04:1413::2","TCP","74","[TCP Retransmission] 60069  >  443 [FIN, ACK] Seq=1 Ack=1 Win=1024 Len=0"
"111","60.999752700","fe80::92da:a2d6:521e:ca6b","ff02::16","ICMPv6","90","Multicast Listener Report Message v2"
"112","61.495943300","192.168.31.114","224.0.0.22","IGMPv3","54","Membership Report / Join group 224.0.0.251 for any sources"
"113","61.512210600","2409:4090:8086:d205:2dee:e486:a765:1536","2603:1046:c04:1413::2","TCP","74","[TCP Retransmission] 60069  >  443 [FIN, ACK] Seq=1 Ack=1 Win=1024 Len=0"
"114","62.461866000","192.168.31.111","224.0.0.251","MDNS","103","Standard query 0x003d PTR _googlecast._tcp.local, ""QM"" question PTR _96084372._sub._googlecast._tcp.local, ""QM"" question"
"115","62.715457900","2409:4090:8086:d205:2dee:e486:a765:1536","2603:1046:c04:1413::2","TCP","74","[TCP Retransmission] 60069  >  443 [FIN, ACK] Seq=1 Ack=1 Win=1024 Len=0"
"116","63.064127700","ServercomPri_33:4a:bf","Intel_7f:48:c4","ARP","42","Who has 192.168.31.114? Tell 192.168.31.1"
"117","63.064196700","Intel_7f:48:c4","ServercomPri_33:4a:bf","ARP","42","192.168.31.114 is at 40:d1:33:7f:48:c4"
"118","63.421381300","192.168.31.111","224.0.0.251","MDNS","103","Standard query 0x003e PTR _googlecast._tcp.local, ""QM"" question PTR _96084372._sub._googlecast._tcp.local, ""QM"" question"
"119","63.421383700","fe80::a729:9a89:ff74:9ccf","ff02::fb","MDNS","123","Standard query 0x003e PTR _googlecast._tcp.local, ""QM"" question PTR _96084372._sub._googlecast._tcp.local, ""QM"" question"
"120","64.432243000","192.168.31.111","224.0.0.251","MDNS","103","Standard query 0x003f PTR _googlecast._tcp.local, ""QM"" question PTR _96084372._sub._googlecast._tcp.local, ""QM"" question"
"121","64.432244500","fe80::a729:9a89:ff74:9ccf","ff02::fb","MDNS","123","Standard query 0x003f PTR _googlecast._tcp.local, ""QM"" question PTR _96084372._sub._googlecast._tcp.local, ""QM"" question"
"122","65.120208500","2409:4090:8086:d205:2dee:e486:a765:1536","2603:1046:c04:1413::2","TCP","74","[TCP Retransmission] 60069  >  443 [FIN, ACK] Seq=1 Ack=1 Win=1024 Len=0"
"123","66.009873700","192.168.31.1","224.0.0.1","IGMPv3","50","Membership Query, general"
"124","66.009874800","fe80::8628:d6ff:fe33:4abf","ff02::1","ICMPv6","90","Multicast Listener Query"
"125","66.009875100","fe80::8628:d6ff:fe33:4abf","ff02::1","ICMPv6","90","Multicast Listener Query"
"126","66.506852000","192.168.31.114","224.0.0.22","IGMPv3","54","Membership Report / Join group 224.0.0.252 for any sources"
"127","66.507165900","fe80::92da:a2d6:521e:ca6b","fe80::8628:d6ff:fe33:4abf","ICMPv6","86","Neighbor Solicitation for fe80::8628:d6ff:fe33:4abf from 40:d1:33:7f:48:c4"
"128","66.507256600","fe80::92da:a2d6:521e:ca6b","ff02::16","ICMPv6","170","Multicast Listener Report Message v2"
"129","66.510269900","fe80::8628:d6ff:fe33:4abf","fe80::92da:a2d6:521e:ca6b","ICMPv6","78","Neighbor Advertisement fe80::8628:d6ff:fe33:4abf (rtr, sol)"
"130","66.736983300","192.168.31.1","224.0.0.251","IGMPv3","50","Membership Query, specific for group 224.0.0.251"
"131","66.736985200","fe80::8628:d6ff:fe33:4abf","ff02::fb","ICMPv6","90","Multicast Listener Query"
"132","66.736985700","fe80::8628:d6ff:fe33:4abf","ff02::fb","ICMPv6","90","Multicast Listener Query"
"133","67.001030200","192.168.31.114","224.0.0.22","IGMPv3","54","Membership Report / Join group 224.0.0.251 for any sources"
"134","67.001245400","192.168.31.114","224.0.0.22","IGMPv3","54","Membership Report / Join group 224.0.0.251 for any sources"
"135","67.001325800","fe80::92da:a2d6:521e:ca6b","ff02::16","ICMPv6","90","Multicast Listener Report Message v2"
"136","67.001356900","fe80::92da:a2d6:521e:ca6b","ff02::16","ICMPv6","90","Multicast Listener Report Message v2"
"137","67.495965900","192.168.31.114","224.0.0.22","IGMPv3","54","Membership Report / Join group 239.255.255.250 for any sources"
"138","67.654151300","fe80::8628:d6ff:fe33:4abf","ff02::fb","ICMPv6","90","Multicast Listener Query"
"139","67.654153400","fe80::8628:d6ff:fe33:4abf","ff02::fb","ICMPv6","90","Multicast Listener Query"
"140","68.004659200","fe80::92da:a2d6:521e:ca6b","ff02::16","ICMPv6","90","Multicast Listener Report Message v2"
"141","69.921950900","2409:4090:8086:d205:2dee:e486:a765:1536","2603:1046:c04:1413::2","TCP","74","[TCP Retransmission] 60069  >  443 [FIN, ACK] Seq=1 Ack=1 Win=1024 Len=0"
"142","71.512022800","fe80::8628:d6ff:fe33:4abf","fe80::92da:a2d6:521e:ca6b","ICMPv6","86","Neighbor Solicitation for fe80::92da:a2d6:521e:ca6b from 84:28:d6:33:4a:bf"
"143","71.512429900","fe80::92da:a2d6:521e:ca6b","fe80::8628:d6ff:fe33:4abf","ICMPv6","86","Neighbor Advertisement fe80::92da:a2d6:521e:ca6b (sol, ovr) is at 40:d1:33:7f:48:c4"
"144","72.013049300","192.168.31.1","224.0.0.1","IGMPv3","50","Membership Query, general"
"145","72.013052200","fe80::8628:d6ff:fe33:4abf","ff02::1","ICMPv6","90","Multicast Listener Query"
"146","72.013053300","fe80::8628:d6ff:fe33:4abf","ff02::1","ICMPv6","90","Multicast Listener Query"
"147","72.495265400","192.168.31.114","224.0.0.22","IGMPv3","54","Membership Report / Join group 239.255.255.250 for any sources"
"148","72.495416100","fe80::92da:a2d6:521e:ca6b","ff02::16","ICMPv6","130","Multicast Listener Report Message v2"
"149","73.005365400","192.168.31.114","224.0.0.22","IGMPv3","62","Membership Report / Join group 224.0.0.252 for any sources / Join group 224.0.0.251 for any sources"
"150","73.005585800","fe80::92da:a2d6:521e:ca6b","ff02::16","ICMPv6","130","Multicast Listener Report Message v2"
"151","74.759042300","fe80::8628:d6ff:fe33:4abf","ff02::1","ICMPv6","150","Router Advertisement from 84:28:d6:33:4a:bf"
"152","78.013637400","192.168.31.1","224.0.0.1","IGMPv3","50","Membership Query, general"
"153","78.013638400","fe80::8628:d6ff:fe33:4abf","ff02::1","ICMPv6","90","Multicast Listener Query"
"154","78.013639000","fe80::8628:d6ff:fe33:4abf","ff02::1","ICMPv6","90","Multicast Listener Query"
"155","78.498170600","192.168.31.114","224.0.0.22","IGMPv3","62","Membership Report / Join group 224.0.0.252 for any sources / Join group 239.255.255.250 for any sources"
"156","78.498394500","fe80::92da:a2d6:521e:ca6b","ff02::16","ICMPv6","150","Multicast Listener Report Message v2"
"157","79.007269600","192.168.31.114","224.0.0.22","IGMPv3","54","Membership Report / Join group 224.0.0.251 for any sources"
"158","79.007547600","fe80::92da:a2d6:521e:ca6b","ff02::16","ICMPv6","110","Multicast Listener Report Message v2"
"159","79.532925100","2409:4090:8086:d205:2dee:e486:a765:1536","2603:1046:c04:1413::2","TCP","74","60069  >  443 [RST, ACK] Seq=2 Ack=1 Win=0 Len=0"
"160","84.016813400","192.168.31.1","224.0.0.1","IGMPv3","50","Membership Query, general"
"161","84.016815200","fe80::8628:d6ff:fe33:4abf","ff02::1","ICMPv6","90","Multicast Listener Query"
"162","84.016816100","fe80::8628:d6ff:fe33:4abf","ff02::1","ICMPv6","90","Multicast Listener Query"
"163","84.502912200","192.168.31.114","224.0.0.22","IGMPv3","62","Membership Report / Join group 224.0.0.252 for any sources / Join group 239.255.255.250 for any sources"
"164","84.503123700","fe80::92da:a2d6:521e:ca6b","ff02::16","ICMPv6","150","Multicast Listener Report Message v2"
"165","85.500803300","192.168.31.114","224.0.0.22","IGMPv3","54","Membership Report / Join group 224.0.0.251 for any sources"
"166","85.501062500","fe80::92da:a2d6:521e:ca6b","ff02::16","ICMPv6","110","Multicast Listener Report Message v2"
"167","86.461248700","2600:140f:5:2093::3114","2409:4090:8086:d205:2dee:e486:a765:1536","TCP","74","[TCP Previous segment not captured] 443  >  54943 [FIN, ACK] Seq=25 Ack=2 Win=575 Len=0"
"168","86.461251500","2600:140f:5:2093::3114","2409:4090:8086:d205:2dee:e486:a765:1536","TLSv1.2","98","[TCP Retransmission] , Application Data"
"169","86.461399100","2409:4090:8086:d205:2dee:e486:a765:1536","2600:140f:5:2093::3114","TCP","74","[TCP Dup ACK 17#1] 54943  >  443 [ACK] Seq=2 Ack=1 Win=255 Len=0"
"170","86.461643900","2409:4090:8086:d205:2dee:e486:a765:1536","2600:140f:5:2093::3114","TCP","74","54943  >  443 [ACK] Seq=2 Ack=26 Win=255 Len=0"
"171","86.462527500","2409:4090:8086:d205:2dee:e486:a765:1536","2600:140f:5:2093::3114","TCP","74","54943  >  443 [FIN, ACK] Seq=2 Ack=26 Win=255 Len=0"
"172","86.765959500","2409:4090:8086:d205:2dee:e486:a765:1536","2600:140f:5:2093::3114","TCP","74","[TCP Retransmission] 54943  >  443 [FIN, ACK] Seq=2 Ack=26 Win=255 Len=0"
"173","86.818450000","2600:140f:5:2093::3114","2409:4090:8086:d205:2dee:e486:a765:1536","TCP","74","443  >  54943 [ACK] Seq=26 Ack=3 Win=575 Len=0"
"174","90.016442300","192.168.31.1","224.0.0.1","IGMPv3","50","Membership Query, general"
"175","90.016443800","fe80::8628:d6ff:fe33:4abf","ff02::1","ICMPv6","90","Multicast Listener Query"
"176","90.016444400","fe80::8628:d6ff:fe33:4abf","ff02::1","ICMPv6","90","Multicast Listener Query"
"177","90.503070400","fe80::92da:a2d6:521e:ca6b","ff02::16","ICMPv6","130","Multicast Listener Report Message v2"
"178","90.559749900","192.168.31.114","192.168.31.1","DNS","92","Standard query 0x9dce A mobile.events.data.microsoft.com"
"179","90.559831000","192.168.31.114","192.168.31.1","DNS","92","Standard query 0x0aa0 AAAA mobile.events.data.microsoft.com"
"180","90.576591200","192.168.31.1","192.168.31.114","DNS","215","Standard query response 0x9dce A mobile.events.data.microsoft.com CNAME mobile.events.data.trafficmanager.net CNAME onedscolprdcus05.centralus.cloudapp.azure.com A 20.44.10.123"
"181","90.576595000","192.168.31.1","192.168.31.114","DNS","260","Standard query response 0x0aa0 AAAA mobile.events.data.microsoft.com CNAME mobile.events.data.trafficmanager.net CNAME onedscolprdcus01.centralus.cloudapp.azure.com SOA ns1-201.azure-dns.com"
"182","90.580460600","192.168.31.114","20.44.10.123","TCP","66","54950  >  443 [SYN] Seq=0 Win=65535 Len=0 MSS=1460 WS=256 SACK_PERM"
"183","90.827298400","20.44.10.123","192.168.31.114","TCP","66","443  >  54950 [SYN, ACK] Seq=0 Ack=1 Win=65535 Len=0 MSS=1440 WS=256 SACK_PERM"
"184","90.827623300","192.168.31.114","20.44.10.123","TCP","54","54950  >  443 [ACK] Seq=1 Ack=1 Win=262144 Len=0"
"185","90.835802600","192.168.31.114","20.44.10.123","TLSv1.3","518","Client Hello (SNI=mobile.events.data.microsoft.com)"
"186","90.999392100","192.168.31.114","224.0.0.22","IGMPv3","62","Membership Report / Join group 224.0.0.252 for any sources / Join group 239.255.255.250 for any sources"
"187","90.999596800","fe80::92da:a2d6:521e:ca6b","ff02::16","ICMPv6","90","Multicast Listener Report Message v2"
"188","91.083119600","20.44.10.123","192.168.31.114","TLSv1.3","1494","Server Hello, Change Cipher Spec"
"189","91.083123300","20.44.10.123","192.168.31.114","TCP","1494","[TCP Previous segment not captured] 443  >  54950 [ACK] Seq=4321 Ack=465 Win=4194048 Len=1440 [TCP PDU reassembled in 194]"
"190","91.083125900","20.44.10.123","192.168.31.114","TCP","1494","[TCP Retransmission] 443  >  54950 [ACK] Seq=1441 Ack=465 Win=4194048 Len=1440 [TCP PDU reassembled in 194]"
"191","91.083133800","20.44.10.123","192.168.31.114","TCP","1494","443  >  54950 [ACK] Seq=5761 Ack=465 Win=4194048 Len=1440 [TCP PDU reassembled in 194]"
"192","91.083135700","20.44.10.123","192.168.31.114","TCP","1494","[TCP Retransmission] 443  >  54950 [ACK] Seq=2881 Ack=465 Win=4194048 Len=1440 [TCP PDU reassembled in 194]"
"193","91.083138300","20.44.10.123","192.168.31.114","TCP","1494","443  >  54950 [ACK] Seq=7201 Ack=465 Win=4194048 Len=1440 [TCP PDU reassembled in 194]"
"194","91.083139600","20.44.10.123","192.168.31.114","TLSv1.3","406","Application Data"
"195","91.083322600","192.168.31.114","20.44.10.123","TCP","66","54950  >  443 [ACK] Seq=465 Ack=1441 Win=262144 Len=0 SLE=4321 SRE=5761"
"196","91.083514700","192.168.31.114","20.44.10.123","TCP","66","54950  >  443 [ACK] Seq=465 Ack=2881 Win=262144 Len=0 SLE=4321 SRE=5761"
"197","91.083541500","192.168.31.114","20.44.10.123","TCP","66","[TCP Dup ACK 196#1] 54950  >  443 [ACK] Seq=465 Ack=2881 Win=262144 Len=0 SLE=4321 SRE=7201"
"198","91.083584300","192.168.31.114","20.44.10.123","TCP","54","54950  >  443 [ACK] Seq=465 Ack=7201 Win=262144 Len=0"
"199","91.083623500","192.168.31.114","20.44.10.123","TCP","54","54950  >  443 [ACK] Seq=465 Ack=8993 Win=262144 Len=0"
"200","91.102083700","192.168.31.114","20.44.10.123","TLSv1.3","134","Change Cipher Spec, Application Data"
"201","91.102273100","192.168.31.114","20.44.10.123","TLSv1.3","1207","Application Data"
"202","91.102308500","192.168.31.114","20.44.10.123","TLSv1.3","1489","Application Data"
"203","91.344336600","20.44.10.123","192.168.31.114","TLSv1.3","157","Application Data"
"204","91.344337900","20.44.10.123","192.168.31.114","TCP","54","443  >  54950 [ACK] Seq=9096 Ack=1698 Win=4194560 Len=0"
"205","91.344338400","20.44.10.123","192.168.31.114","TCP","54","443  >  54950 [ACK] Seq=9096 Ack=3133 Win=4193280 Len=0"
"206","91.344453500","192.168.31.114","20.44.10.123","TCP","54","54950  >  443 [ACK] Seq=3133 Ack=9096 Win=261888 Len=0"
"207","91.346405400","20.44.10.123","192.168.31.114","TLSv1.3","500","Application Data"
"208","91.346467400","192.168.31.114","20.44.10.123","TCP","54","54950  >  443 [ACK] Seq=3133 Ack=9542 Win=261376 Len=0"
"209","91.480260800","fe80::8628:d6ff:fe33:4abf","2409:4090:8086:d205:2dee:e486:a765:1536","ICMPv6","86","Neighbor Solicitation for 2409:4090:8086:d205:2dee:e486:a765:1536 from 84:28:d6:33:4a:bf"
"210","91.480718000","2409:4090:8086:d205:2dee:e486:a765:1536","fe80::8628:d6ff:fe33:4abf","ICMPv6","86","Neighbor Advertisement 2409:4090:8086:d205:2dee:e486:a765:1536 (sol, ovr) is at 40:d1:33:7f:48:c4"
"211","91.494935300","192.168.31.114","224.0.0.22","IGMPv3","54","Membership Report / Join group 224.0.0.251 for any sources"
"212","91.495127500","fe80::92da:a2d6:521e:ca6b","ff02::16","ICMPv6","110","Multicast Listener Report Message v2"
"213","92.582500700","192.168.31.114","20.44.10.123","TCP","54","54950  >  443 [RST, ACK] Seq=3133 Ack=9542 Win=0 Len=0"
"214","93.077062300","2409:4090:8086:d205:2dee:e486:a765:1536","2606:4700:90ca:658:b864:dc9:5dc1:8f36","TCP","74","54944  >  443 [FIN, ACK] Seq=1 Ack=1 Win=1024 Len=0"
"215","93.492821300","2409:4090:8086:d205:2dee:e486:a765:1536","2606:4700:90ca:658:b864:dc9:5dc1:8f36","TCP","74","[TCP Retransmission] 54944  >  443 [FIN, ACK] Seq=1 Ack=1 Win=1024 Len=0"
"216","94.200236100","2409:4090:8086:d205:2dee:e486:a765:1536","2606:4700:90ca:658:b864:dc9:5dc1:8f36","TCP","74","[TCP Retransmission] 54944  >  443 [FIN, ACK] Seq=1 Ack=1 Win=1024 Len=0"
"217","94.231906000","2409:4090:8086:d205:2dee:e486:a765:1536","2404:6800:4002:818::2003","TCP","74","54945  >  80 [FIN, ACK] Seq=1 Ack=1 Win=255 Len=0"
"218","94.536403600","2409:4090:8086:d205:2dee:e486:a765:1536","2404:6800:4002:818::2003","TCP","74","[TCP Retransmission] 54945  >  80 [FIN, ACK] Seq=1 Ack=1 Win=255 Len=0"
"219","95.147215700","2409:4090:8086:d205:2dee:e486:a765:1536","2404:6800:4002:818::2003","TCP","74","[TCP Retransmission] 54945  >  80 [FIN, ACK] Seq=1 Ack=1 Win=255 Len=0"
"220","95.576533500","ServercomPri_33:4a:bf","Intel_7f:48:c4","ARP","42","Who has 192.168.31.114? Tell 192.168.31.1"
"221","95.576636000","Intel_7f:48:c4","ServercomPri_33:4a:bf","ARP","42","192.168.31.114 is at 40:d1:33:7f:48:c4"
"222","95.613542600","2409:4090:8086:d205:2dee:e486:a765:1536","2606:4700:90ca:658:b864:dc9:5dc1:8f36","TCP","74","[TCP Retransmission] 54944  >  443 [FIN, ACK] Seq=1 Ack=1 Win=1024 Len=0"
"223","95.996167700","fe80::92da:a2d6:521e:ca6b","fe80::8628:d6ff:fe33:4abf","ICMPv6","86","Neighbor Solicitation for fe80::8628:d6ff:fe33:4abf from 40:d1:33:7f:48:c4"
"224","95.998902700","fe80::8628:d6ff:fe33:4abf","fe80::92da:a2d6:521e:ca6b","ICMPv6","78","Neighbor Advertisement fe80::8628:d6ff:fe33:4abf (rtr, sol)"
"225","96.016920100","192.168.31.1","224.0.0.1","IGMPv3","50","Membership Query, general"
"226","96.016922000","fe80::8628:d6ff:fe33:4abf","ff02::1","ICMPv6","90","Multicast Listener Query"
"227","96.016922800","fe80::8628:d6ff:fe33:4abf","ff02::1","ICMPv6","90","Multicast Listener Query"
"228","96.348016400","2409:4090:8086:d205:2dee:e486:a765:1536","2404:6800:4002:818::2003","TCP","74","[TCP Retransmission] 54945  >  80 [FIN, ACK] Seq=1 Ack=1 Win=255 Len=0"
"229","96.506331900","192.168.31.114","224.0.0.22","IGMPv3","54","Membership Report / Join group 224.0.0.251 for any sources"
"230","96.506462400","fe80::92da:a2d6:521e:ca6b","ff02::16","ICMPv6","110","Multicast Listener Report Message v2"
"231","97.001212800","192.168.31.114","224.0.0.22","IGMPv3","54","Membership Report / Join group 239.255.255.250 for any sources"
"232","97.001324900","fe80::92da:a2d6:521e:ca6b","ff02::16","ICMPv6","130","Multicast Listener Report Message v2"
"233","97.499511700","192.168.31.114","224.0.0.22","IGMPv3","54","Membership Report / Join group 224.0.0.252 for any sources"
"234","97.499675000","fe80::92da:a2d6:521e:ca6b","ff02::16","ICMPv6","90","Multicast Listener Report Message v2"
"235","97.869147200","fe80::8628:d6ff:fe33:4abf","ff02::1","ICMPv6","150","Router Advertisement from 84:28:d6:33:4a:bf"
"236","97.972733300","192.168.31.114","192.168.31.1","DNS","74","Standard query 0xe228 AAAA discordapp.com"
"237","97.973335600","192.168.31.114","192.168.31.1","DNS","74","Standard query 0x2574 A discordapp.com"
"238","97.973549000","192.168.31.114","192.168.31.1","DNS","74","Standard query 0xaabe HTTPS discordapp.com"
"239","97.983707200","192.168.31.114","192.168.31.1","DNS","68","Standard query 0x43a1 A wpad.lan"
"240","97.983877700","192.168.31.114","192.168.31.1","DNS","68","Standard query 0x1c41 AAAA wpad.lan"
"241","97.984087500","192.168.31.1","192.168.31.114","DNS","154","Standard query response 0x2574 A discordapp.com A 162.159.133.233 A 162.159.129.233 A 162.159.135.233 A 162.159.134.233 A 162.159.130.233"
"242","97.984089000","192.168.31.1","192.168.31.114","DNS","133","Standard query response 0xe228 AAAA discordapp.com SOA gabe.ns.cloudflare.com"
"243","97.987013800","192.168.31.1","192.168.31.114","DNS","198","Standard query response 0xaabe HTTPS discordapp.com HTTPS"
"244","97.987579400","192.168.31.1","192.168.31.114","DNS","68","Standard query response 0x43a1 No such name A wpad.lan"
"245","97.988068500","192.168.31.1","192.168.31.114","DNS","68","Standard query response 0x1c41 No such name AAAA wpad.lan"
"246","97.988500100","192.168.31.114","162.159.133.233","QUIC","1292","Initial, DCID=6624c86cdf5ff706, PKN: 1, CRYPTO, CRYPTO, PADDING, CRYPTO, PADDING, CRYPTO, PADDING, CRYPTO, PADDING, PING, CRYPTO, CRYPTO, CRYPTO, CRYPTO, CRYPTO, CRYPTO, PING"
"247","97.988585800","192.168.31.114","162.159.133.233","QUIC","1292","Initial, DCID=6624c86cdf5ff706, PKN: 2, PING, PADDING, PING, PING, PADDING, PING, CRYPTO, PING, PING, CRYPTO, PING, PADDING, CRYPTO, PADDING, PING, PING, PADDING, CRYPTO"
"248","97.988772700","192.168.31.114","162.159.133.233","QUIC","117","0-RTT, DCID=6624c86cdf5ff706"
"249","98.002104000","162.159.133.233","192.168.31.114","QUIC","1242","Initial, SCID=0110b481ebe3548704135b8198e3746aa19240c7, PKN: 0, ACK"
"250","98.002107500","162.159.133.233","192.168.31.114","QUIC","1242","Initial, SCID=0110b481ebe3548704135b8198e3746aa19240c7, PKN: 1, ACK, CRYPTO"
"251","98.002109300","162.159.133.233","192.168.31.114","QUIC","66","Protected Payload (KP0)"
"252","98.002112800","162.159.133.233","192.168.31.114","QUIC","1242","Protected Payload (KP0)"
"253","98.002113800","162.159.133.233","192.168.31.114","QUIC","66","Protected Payload (KP0)"
"254","98.002115100","162.159.133.233","192.168.31.114","QUIC","91","Protected Payload (KP0)"
"255","98.003599300","192.168.31.114","162.159.133.233","QUIC","1292","Protected Payload (KP0), DCID=0110b481ebe3548704135b8198e3746aa19240c7"
"256","98.003813000","192.168.31.114","162.159.133.233","QUIC","89","Protected Payload (KP0), DCID=0110b481ebe3548704135b8198e3746aa19240c7"
"257","98.004310400","192.168.31.114","162.159.133.233","QUIC","1292","Protected Payload (KP0), DCID=0110b481ebe3548704135b8198e3746aa19240c7"
"258","98.004378700","192.168.31.114","162.159.133.233","QUIC","1286","Protected Payload (KP0), DCID=0110b481ebe3548704135b8198e3746aa19240c7"
"259","98.004493800","192.168.31.114","162.159.133.233","QUIC","1000","Protected Payload (KP0), DCID=0110b481ebe3548704135b8198e3746aa19240c7"
"260","98.028214300","162.159.133.233","192.168.31.114","QUIC","73","Protected Payload (KP0)"
"261","98.028215400","162.159.133.233","192.168.31.114","QUIC","67","Protected Payload (KP0)"
"262","98.028450500","192.168.31.114","162.159.133.233","QUIC","169","Protected Payload (KP0), DCID=0110b481ebe3548704135b8198e3746aa19240c7"
"263","98.061175300","192.168.31.114","162.159.133.233","QUIC","86","Protected Payload (KP0), DCID=0110b481ebe3548704135b8198e3746aa19240c7"
"264","98.061777700","162.159.133.233","192.168.31.114","QUIC","69","Protected Payload (KP0)"
"265","98.092682200","192.168.31.114","162.159.133.233","QUIC","86","Protected Payload (KP0), DCID=0110b481ebe3548704135b8198e3746aa19240c7"
"266","98.141450300","192.168.31.114","162.159.133.233","QUIC","83","Protected Payload (KP0), DCID=0110b481ebe3548704135b8198e3746aa19240c7"
"267","98.151782500","162.159.133.233","192.168.31.114","QUIC","69","Protected Payload (KP0)"
"268","98.328119300","162.159.133.233","192.168.31.114","QUIC","590","Protected Payload (KP0)"
"269","98.366403100","192.168.31.114","162.159.133.233","QUIC","86","Protected Payload (KP0), DCID=0110b481ebe3548704135b8198e3746aa19240c7"
"270","98.429708200","2409:4090:8086:d205:2dee:e486:a765:1536","2606:4700:90ca:658:b864:dc9:5dc1:8f36","TCP","74","[TCP Retransmission] 54944  >  443 [FIN, ACK] Seq=1 Ack=1 Win=1024 Len=0"
"271","98.752017200","2409:4090:8086:d205:2dee:e486:a765:1536","2404:6800:4002:818::2003","TCP","74","[TCP Retransmission] 54945  >  80 [FIN, ACK] Seq=1 Ack=1 Win=255 Len=0"
"272","99.316779700","192.168.31.114","162.159.135.234","TLSv1.2","172","Application Data"
"273","99.330553900","162.159.135.234","192.168.31.114","TCP","54","443  >  49935 [ACK] Seq=69 Ack=355 Win=16 Len=0"
"274","99.618926700","162.159.135.234","192.168.31.114","TLSv1.2","88","Application Data"
"275","99.668516200","192.168.31.114","162.159.135.234","TCP","54","49935  >  443 [ACK] Seq=355 Ack=103 Win=253 Len=0"
"276","102.014826400","192.168.31.1","224.0.0.1","IGMPv3","50","Membership Query, general"
"277","102.014829200","fe80::8628:d6ff:fe33:4abf","ff02::1","ICMPv6","90","Multicast Listener Query"
"278","102.014830800","fe80::8628:d6ff:fe33:4abf","ff02::1","ICMPv6","90","Multicast Listener Query"
"279","102.509658200","192.168.31.114","224.0.0.22","IGMPv3","54","Membership Report / Join group 224.0.0.251 for any sources"
"280","102.509862900","fe80::92da:a2d6:521e:ca6b","ff02::16","ICMPv6","170","Multicast Listener Report Message v2"
"281","103.007743200","fe80::92da:a2d6:521e:ca6b","ff02::16","ICMPv6","90","Multicast Listener Report Message v2"
"282","103.504148300","192.168.31.114","224.0.0.22","IGMPv3","62","Membership Report / Join group 224.0.0.252 for any sources / Join group 239.255.255.250 for any sources"
"283","103.552634200","2409:4090:8086:d205:2dee:e486:a765:1536","2404:6800:4002:818::2003","TCP","74","[TCP Retransmission] 54945  >  80 [FIN, ACK] Seq=1 Ack=1 Win=255 Len=0"
"284","104.066009000","2409:4090:8086:d205:2dee:e486:a765:1536","2606:4700:90ca:658:b864:dc9:5dc1:8f36","TCP","74","[TCP Retransmission] 54944  >  443 [FIN, ACK] Seq=1 Ack=1 Win=1024 Len=0"
"285","108.016238600","192.168.31.1","224.0.0.1","IGMPv3","50","Membership Query, general"
"286","108.016240500","fe80::8628:d6ff:fe33:4abf","ff02::1","ICMPv6","90","Multicast Listener Query"
"287","108.016241300","fe80::8628:d6ff:fe33:4abf","ff02::1","ICMPv6","90","Multicast Listener Query"
"288","108.507436800","fe80::92da:a2d6:521e:ca6b","ff02::16","ICMPv6","170","Multicast Listener Report Message v2"
"289","109.002481100","192.168.31.114","224.0.0.22","IGMPv3","70","Membership Report / Join group 224.0.0.252 for any sources / Join group 224.0.0.251 for any sources / Join group 239.255.255.250 for any sources"
"290","109.002707400","fe80::92da:a2d6:521e:ca6b","ff02::16","ICMPv6","90","Multicast Listener Report Message v2"
